rate,autor,url,title
9.1,作者:[俄]陀思妥耶夫斯基,https://book.douban.com/subject/10759466/,地下室手记
9.2,作者:郑渊洁,https://book.douban.com/subject/2002914/,皮皮鲁和鲁西西全传
9.1,作者:(葡)若泽·萨拉马戈,https://book.douban.com/subject/20428302/,失明症漫记
9.0,作者:[日]贵志祐介,https://book.douban.com/subject/25752955/,来自新世界（上下）
9.0,作者:[美]艾萨克·阿西莫夫,https://book.douban.com/subject/25829693/,永恒的终结
9.1,作者:罗杰·凯密恩（RogerKamien）,https://book.douban.com/subject/3095037/,听音乐（插图第6版）
9.0,作者:[奥]斯蒂芬·茨威格,https://book.douban.com/subject/3757732/,人类的群星闪耀时（增订版）
9.2,作者:李泽厚,https://book.douban.com/subject/3410718/,美的历程
9.1,作者:[美]悉达多·穆克吉,https://book.douban.com/subject/20507206/,众病之王
9.1,作者:[以色列]尤瓦尔·赫拉利,https://book.douban.com/subject/25985021/,人类简史
9.0,作者:[美]阿图·葛文德（AtulGawande）,https://book.douban.com/subject/26576861/,最好的告别
9.0,作者:(日)三浦紫苑,https://book.douban.com/subject/26210487/,强风吹拂
8.9,作者:[美]安迪·威尔,https://book.douban.com/subject/26586492/,火星救援
9.0,作者:吴军,https://book.douban.com/subject/25902942/,文明之光（第一册）
9.3,作者:朱熹,https://book.douban.com/subject/1139980/,四書章句集注
9.2,作者:奥得弗雷德·普鲁士勒,https://book.douban.com/subject/1192706/,大盗贼
9.1,作者:李碧华,https://book.douban.com/subject/1088711/,霸王别姬
9.0,作者:MartinFowler,https://book.douban.com/subject/1229923/,重构
9.0,出版社:吉林文史出版社,https://book.douban.com/subject/1849409/,易经
9.1,作者:JonBentley,https://book.douban.com/subject/3227098/,编程珠玑
9.4,作者:武玉成，顾丛龙注,https://book.douban.com/subject/1006967/,宋词三百首
9.1,作者:宋韬,https://book.douban.com/subject/1107841/,战国策
9.0,作者:RobertC.Martin,https://book.douban.com/subject/1140457/,敏捷软件开发
9.0,作者:汤显祖,https://book.douban.com/subject/1073708/,牡丹亭
9.4,作者:夏承焘/等,https://book.douban.com/subject/1132550/,宋词鉴赏辞典
9.0,作者:[瑞典]阿斯特丽德·林格伦,https://book.douban.com/subject/1004088/,长袜子皮皮
9.2,作者:陈鼓应,https://book.douban.com/subject/1033163/,老子注译及评介
9.1,作者:彭一刚,https://book.douban.com/subject/1088805/,中国古典园林分析
9.0,作者:芦原义信,https://book.douban.com/subject/1507170/,外部空间设计
9.0,作者:老舍,https://book.douban.com/subject/1073744/,四世同堂（上下）
9.4,作者:[英]莎士比亚,https://book.douban.com/subject/1089049/,莎士比亚全集（全8册）
9.3,作者:[美]菲利普·津巴多/[美]罗伯特·约翰逊/[美]安·韦伯,https://book.douban.com/subject/3143537/,津巴多普通心理学
9.2,作者:弗里曼,https://book.douban.com/subject/2243615/,HeadFirst设计模式（中文版）
9.1,作者:金庸,https://book.douban.com/subject/1255625/,天龙八部
9.0,作者:吴楚材/吴调侯,https://book.douban.com/subject/1014561/,古文观止
9.5,作者:HaroldAbelson/GeraldJaySussman/JulieSussman,https://book.douban.com/subject/1148282/,计算机程序的构造和解释
9.1,作者:[美]约翰.墨菲,https://book.douban.com/subject/1089991/,期货市场技术分析
9.0,作者:本杰明·格雷厄姆/BenjaminGraham,https://book.douban.com/subject/5243775/,聪明的投资者
9.0,作者:[美]彼得·考夫曼(编),https://book.douban.com/subject/5346110/,穷查理宝典
9.0,作者:李娟,https://book.douban.com/subject/10522856/,冬牧场
9.4,作者:[德]瓦尔特·莫尔斯,https://book.douban.com/subject/1007952/,蓝熊船长的13条半命
9.0,作者:[英]吉米·哈利（JamesHerriot）,https://book.douban.com/subject/4714015/,万物既伟大又渺小
9.1,作者:阿城,https://book.douban.com/subject/1830445/,阿城精选集
9.2,作者:陈秋平/尚荣,https://book.douban.com/subject/2381748/,金刚经心经坛经
9.1,作者:(美)保罗﹒萨缪尔森/（美）诺德豪斯,https://book.douban.com/subject/1082593/,经济学
9.1,作者:泰戈尔,https://book.douban.com/subject/1762527/,飞鸟集
9.1,作者:顾城,https://book.douban.com/subject/3544376/,顾城的诗顾城的画
9.2,作者:[日]原研哉,https://book.douban.com/subject/4230237/,设计中的设计|全本
9.0,作者:宗萨钦哲仁波切,https://book.douban.com/subject/1812011/,佛教的见地与修道
9.0,作者:何兆武（口述）/文靖,https://book.douban.com/subject/3260831/,上学记
9.2,作者:W.RichardStevens,https://book.douban.com/subject/1088054/,TCP/IP详解卷1：协议
9.0,作者:（美）艾萨克·阿西莫夫,https://book.douban.com/subject/1258488/,基地前传2·迈向基地（上下）
9.0,作者:[英]奈杰尔·巴利,https://book.douban.com/subject/1129216/,天真的人类学家
9.1,作者:三毛,https://book.douban.com/subject/2068249/,温柔的夜
9.2,作者:柏拉图,https://book.douban.com/subject/1027280/,柏拉图的《会饮》
9.2,作者:[明]张岱,https://book.douban.com/subject/1053088/,陶庵梦忆西湖梦寻
9.0,作者:(美)杰克·伦敦著,https://book.douban.com/subject/1082147/,热爱生命
9.4,作者:玛格丽特.米切尔,https://book.douban.com/subject/2046807/,飘
9.0,作者:迟子建,https://book.douban.com/subject/3311253/,额尔古纳河右岸
9.0,作者:[加]露西·莫德·蒙哥玛利,https://book.douban.com/subject/1064841/,绿山墙的安妮
9.7,作者:（美）RandalE.Bryant/DavidO'Hallaron,https://book.douban.com/subject/5333562/,深入理解计算机系统（原书第2版）
9.4,作者:逯钦立校注,https://book.douban.com/subject/1015104/,陶渊明集
9.5,作者:(后秦)鸠摩罗什,https://book.douban.com/subject/2076623/,金刚经
9.1,作者:[阿根廷]博尔赫斯,https://book.douban.com/subject/1418058/,小径分岔的花园
9.1,作者:三毛,https://book.douban.com/subject/3673671/,梦里花落知多少
9.2,作者:三毛,https://book.douban.com/subject/3054373/,荷西我爱你
9.1,作者:[古希腊]亚里士多德(Aristotle),https://book.douban.com/subject/1051943/,尼各马可伦理学
9.1,作者:[美]StanleyB.Lippman,https://book.douban.com/subject/1091086/,深度探索C++对象模型
9.0,作者:[德]赫尔曼·黑塞,https://book.douban.com/subject/2165076/,玻璃球游戏
9.2,作者:[英]以塞亚·伯林,https://book.douban.com/subject/3003032/,浪漫主义的根源
9.1,作者:藤萍,https://book.douban.com/subject/5336428/,吉祥纹莲花楼终篇之青龙·白虎
9.1,作者:ZhejiangEducationPublishingHouse,https://book.douban.com/subject/1003694/,中国少年儿童百科全书
9.2,作者:王德胜,https://book.douban.com/subject/1000534/,中国少年儿童百科全书--自然.环境
8.9,作者:(美)贾雷德・戴蒙德,https://book.douban.com/subject/1054760/,枪炮、病菌与钢铁
9.0,作者:【英】毕翠克丝•波特,https://book.douban.com/subject/4097264/,小兔彼得和他的朋友们（全3册）
9.1,作者:任东来/陈伟/白雪峰,https://book.douban.com/subject/1144185/,美国宪政历程
9.1,作者:[美]萨伯,https://book.douban.com/subject/3697494/,洞穴奇案
9.8,作者:WILLARDPRICE,https://book.douban.com/subject/1542939/,哈尔罗杰历险记(全套共14册)
9.5,作者:RandalE.Bryant/DavidO'Hallaron,https://book.douban.com/subject/1230413/,深入理解计算机系统
9.5,作者:[英]贡布里希(SirE.H.Gombrich),https://book.douban.com/subject/1059969/,艺术的故事
9.5,作者:[美]乔治.R.R.马丁,https://book.douban.com/subject/1986291/,冰与火之歌（卷三）
9.5,作者:[英]A.S.Hornby原著/SallyWehmeier主编/MichaelAshby语音编辑,https://book.douban.com/subject/1181379/,牛津高阶英汉双解词典（第六版）
9.5,作者:RichardP.Feynman/RobertB.Leighton/MatthewSands,https://book.douban.com/subject/1437852/,费恩曼物理学讲义（第1卷）
9.2,作者:熊顿,https://book.douban.com/subject/11622283/,滚蛋吧!肿瘤君
9.6,作者:[清]曹雪芹著/高鹗续,https://book.douban.com/subject/1007305/,红楼梦
9.4,作者:吴淼,https://book.douban.com/subject/2334065/,塔希里亚故事集
9.2,作者:[哥伦比亚]加西亚·马尔克斯,https://book.douban.com/subject/6082808/,百年孤独
9.3,作者:[美]ThomasH.Cormen/CharlesE.Leiserson/RonaldL.Rivest/CliffordStein,https://book.douban.com/subject/1885170/,算法导论（原书第2版）
9.4,作者:[美]侯世达,https://book.douban.com/subject/1291204/,哥德尔、艾舍尔、巴赫
9.2,作者:木心口述/陈丹青笔录,https://book.douban.com/subject/20440644/,文学回忆录（全2册）
9.5,作者:司马迁,https://book.douban.com/subject/1077847/,史记（全十册）
9.5,作者:老子,https://book.douban.com/subject/1059258/,道德经
9.2,作者:刘慈欣,https://book.douban.com/subject/5363767/,三体Ⅲ
8.8,作者:柴静,https://book.douban.com/subject/20427187/,看见
9.4,作者:[美]乔治.R.R.马丁,https://book.douban.com/subject/1464203/,冰与火之歌（卷二）
9.4,作者:鲁迅,https://book.douban.com/subject/1442720/,鲁迅全集（2005最新修订版）
9.4,作者:吴淼,https://book.douban.com/subject/3337017/,塔希里亚故事集Ⅱ
9.1,作者:吴军,https://book.douban.com/subject/6709783/,浪潮之巅
9.4,作者:孔丘编订,https://book.douban.com/subject/1883245/,诗经
9.3,作者:[美]艾萨克·阿西莫夫,https://book.douban.com/subject/1258489/,第二基地
9.2,作者:[德]赫尔曼·黑塞,https://book.douban.com/subject/2165063/,纳尔齐斯与歌尔德蒙
9.2,作者:(意)伊塔洛·卡尔维诺,https://book.douban.com/subject/3643270/,新千年文学备忘录
9.1,作者:陈忠实,https://book.douban.com/subject/3091368/,白鹿原
9.4,作者:[阿根廷]豪·路·博尔赫斯,https://book.douban.com/subject/1083089/,博尔赫斯全集
9.1,作者:张爱玲,https://book.douban.com/subject/1055128/,传奇(上下)
9.0,作者:[英]毛姆,https://book.douban.com/subject/2035171/,人生的枷锁
9.0,作者:[美]法兰克·佛杜锡克著/吴程远译,https://book.douban.com/subject/1852700/,神经外科的黑色喜剧
9.0,作者:叶广芩,https://book.douban.com/subject/3448867/,采桑子
9.0,作者:钱钟书,https://book.douban.com/subject/1069848/,围城
9.0,作者:钱钟书,https://book.douban.com/subject/1039079/,写在人生边上写在人生边上的边上石语
9.0,作者:宗萨蒋扬钦哲仁波切,https://book.douban.com/subject/5332713/,人间是剧场
9.0,作者:饶平如,https://book.douban.com/subject/23008971/,平如美棠
9.2,作者:雨果,https://book.douban.com/subject/1880986/,悲惨世界（上下）
9.2,作者:[德]马克斯·韦伯,https://book.douban.com/subject/1277275/,学术与政治
8.9,作者:斯台芬·茨威格,https://book.douban.com/subject/2146279/,心灵的焦灼
8.9,作者:钱穆,https://book.douban.com/subject/1020547/,论语新解
9.2,作者:[阿根廷]豪·路·博尔赫斯,https://book.douban.com/subject/3003477/,虚构集
9.1,作者:米切尔・恩德,https://book.douban.com/subject/1008459/,毛毛
9.2,作者:郑重/王要,https://book.douban.com/subject/1393218/,大明宫词
9.0,作者:汉密尔顿/杰伊/麦迪逊,https://book.douban.com/subject/1048930/,联邦党人文集
9.2,作者:王世襄,https://book.douban.com/subject/1029940/,锦灰堆
9.3,作者:袁越,https://book.douban.com/subject/3178741/,来自民间的叛逆
9.2,作者:[俄]亚历山大·索尔仁尼琴,https://book.douban.com/subject/1315844/,古拉格群岛（上中下）
9.2,作者:[美]阿特·斯皮格曼,https://book.douban.com/subject/4075203/,鼠族（一、二部）
9.6,作者:理查德·威廉姆斯,https://book.douban.com/subject/1485731/,原动画基础教程
9.1,作者:张荫麟,https://book.douban.com/subject/1055347/,中国史纲
9.0,作者:[意大利]伊塔洛·卡尔维诺,https://book.douban.com/subject/3025619/,美国讲稿
9.2,作者:(英)J.R.R.托尔金著/克里斯托弗·托尔金编,https://book.douban.com/subject/10605859/,精灵宝钻
9.2,作者:[法]西蒙娜·德·波伏瓦,https://book.douban.com/subject/4745950/,第二性Ⅱ
9.0,作者:[美]高居翰,https://book.douban.com/subject/3410759/,隔江山色
9.1,作者:阿耐,https://book.douban.com/subject/3432304/,大江东去（共三部）
9.1,作者:张爱玲,https://book.douban.com/subject/10757938/,半生缘
9.2,作者:王尔德,https://book.douban.com/subject/4714156/,夜莺与玫瑰
9.0,作者:张爱玲,https://book.douban.com/subject/1024468/,金锁记
9.3,作者:（法）勒·柯布西耶/（瑞士）W·博奥席耶等,https://book.douban.com/subject/1394534/,勒·柯布西耶全集
9.0,作者:[英]罗杰·克劳利,https://book.douban.com/subject/25891318/,1453
9.3,作者:[法]雨果,https://book.douban.com/subject/1083433/,悲惨世界（全三册）
9.2,作者:[美]CharlesPetzold,https://book.douban.com/subject/4822685/,编码
9.2,作者:吴楚材/吴调候,https://book.douban.com/subject/1449421/,古文观止
9.2,作者:[汉]许慎撰/[宋]徐铉杨校定,https://book.douban.com/subject/1032967/,说文解字
9.6,作者:[美]乔治·R.R.马丁,https://book.douban.com/subject/10608468/,冰与火之歌·卷三·冰雨的风暴（全三册）
9.0,作者:罗兰•米勒(RowlandMiller)/丹尼尔•珀尔曼(DanielPerlman),https://book.douban.com/subject/5952488/,亲密关系（第5版）
9.6,作者:五月天,https://book.douban.com/subject/1337171/,五月天之素人自拍
9.2,作者:基思•斯坦诺维奇,https://book.douban.com/subject/6952036/,对伪心理学说不
9.0,作者:黄蓓佳,https://book.douban.com/subject/1115397/,我要做好孩子
9.2,作者:杨柳松,https://book.douban.com/subject/6125543/,北方的空地
9.2,作者:(美)安妮·阿普尔鲍姆,https://book.douban.com/subject/20503529/,古拉格：一部历史
9.4,作者:林崇德主编,https://book.douban.com/subject/1028409/,中国少年儿童百科全书（全四册）
9.4,作者:[美]徐中約,https://book.douban.com/subject/1476213/,中國近代史（上冊）
9.3,出版社:广西民族出版社,https://book.douban.com/subject/1851955/,唐诗三百首
9.4,作者:[宋]司馬光編著/[元]胡三省音注,https://book.douban.com/subject/1072295/,資治通鑑（全二十冊）
9.3,作者:〔法〕大仲马著,https://book.douban.com/subject/1121460/,基督山伯爵(上下)
9.3,作者:安房直子,https://book.douban.com/subject/1270150/,风与树的歌
9.3,作者:高尔泰,https://book.douban.com/subject/1005358/,寻找家园
9.2,作者:（美）乔治·R·R·马丁,https://book.douban.com/subject/3210843/,冰与火之歌·卷四·群鸦的盛宴（全两册）
9.4,作者:玛赞·莎塔碧,https://book.douban.com/subject/4071859/,我在伊朗长大
9.3,作者:中国社会科学院语言研究所词典编辑室编,https://book.douban.com/subject/1036684/,现代汉语词典（修订本）
9.4,作者:孙通海译注,https://book.douban.com/subject/2046236/,庄子
9.4,作者:[俄]陀思妥耶夫斯基,https://book.douban.com/subject/1856494/,卡拉马佐夫兄弟
9.4,作者:（美）BrianW.Kernighan/（美）DennisM.Ritchie,https://book.douban.com/subject/1139336/,C程序设计语言
9.3,作者:[意大利]卡尔维诺,https://book.douban.com/subject/1066165/,卡尔维诺文集（第三卷）
9.1,作者:[美]安·兰德,https://book.douban.com/subject/1431870/,源泉
9.3,作者:[美]乔治·R.R.马丁,https://book.douban.com/subject/1336330/,冰与火之歌（卷一）
9.4,作者:兰晓龙,https://book.douban.com/subject/3511129/,我的团长我的团（下部）
9.3,作者:蘅塘退士/陈婉俊,https://book.douban.com/subject/1013267/,唐诗三百首
9.3,作者:张纯如,https://book.douban.com/subject/2245468/,南京浩劫
9.4,作者:王小波,https://book.douban.com/subject/1883991/,王小波全集
9.3,作者:[英]山姆·麦克布雷尼文/安妮塔·婕朗图,https://book.douban.com/subject/1433640/,猜猜我有多爱你
9.2,作者:[美]艾萨克·阿西莫夫,https://book.douban.com/subject/1258490/,基地
9.3,作者:[日]田中芳树,https://book.douban.com/subject/1418999/,银河英雄传说
9.2,作者:[日]莫莉蓟野,https://book.douban.com/subject/4060362/,猫城小事
9.2,作者:[伊朗]玛赞·莎塔碧,https://book.douban.com/subject/1769765/,我在伊朗长大1
9.3,作者:[英]吉米·哈利,https://book.douban.com/subject/10519369/,万物生光辉
9.1,作者:(巴西)若泽•毛罗•德瓦斯康塞洛斯,https://book.douban.com/subject/4826530/,我亲爱的甜橙树
9.1,作者:(美)马里奥·普佐,https://book.douban.com/subject/25762009/,教父
9.3,作者:罗伯特·麦基,https://book.douban.com/subject/25976544/,故事
9.1,作者:(意)卡尔维诺,https://book.douban.com/subject/6789605/,树上的男爵
9.2,作者:盐野七生,https://book.douban.com/subject/7064370/,罗马人的故事2
9.2,作者:(法)儒勒·凡尔纳,https://book.douban.com/subject/2215160/,神秘岛（全三册）
9.0,作者:阿加莎・克里斯蒂,https://book.douban.com/subject/1215310/,罗杰・艾克罗伊德谋杀案
9.0,作者:萧红,https://book.douban.com/subject/1136074/,呼兰河传
9.0,作者:白先勇,https://book.douban.com/subject/5337254/,孽子
9.3,作者:木心,https://book.douban.com/subject/3339812/,木心作品八种
9.0,作者:史铁生,https://book.douban.com/subject/1311280/,灵魂的事
9.2,作者:[英]吉米·哈利,https://book.douban.com/subject/4882023/,万物既聪慧又奇妙
9.0,作者:[法]阿尔贝·加缪,https://book.douban.com/subject/4908885/,局外人
9.0,作者:(德)黑塞,https://book.douban.com/subject/4908883/,荒原狼
9.2,作者:(奥)劳伦兹,https://book.douban.com/subject/1024846/,所罗门王的指环
9.1,作者:一行禅师,https://book.douban.com/subject/2122992/,故道白云
9.2,作者:冯友兰,https://book.douban.com/subject/3410709/,中国哲学简史
9.3,作者:（美）保罗·萨缪尔森,https://book.douban.com/subject/2983683/,经济学
9.2,作者:[美]查尔斯·舒尔茨,https://book.douban.com/subject/1016845/,史努比黄金50年
9.3,作者:鲁兵主编,https://book.douban.com/subject/1483522/,365夜
9.1,作者:刘义庆,https://book.douban.com/subject/2281861/,世说新语
9.2,作者:[美]艾萨克·阿西莫夫,https://book.douban.com/subject/10604915/,银河帝国3：第二基地
9.2,作者:PeterVanDerLinden,https://book.douban.com/subject/2377310/,C专家编程
9.2,作者:[英]阿·柯南道尔,https://book.douban.com/subject/1040211/,福尔摩斯探案全集（上中下）
9.0,作者:慕容引刀,https://book.douban.com/subject/3108835/,让爱点亮
9.0,作者:[德]赫尔曼·黑塞,https://book.douban.com/subject/3406401/,悉达多
9.1,作者:美国纽约摄影学院,https://book.douban.com/subject/1007928/,美国纽约摄影学院摄影教材（上）
9.1,作者:EricS.Raymond,https://book.douban.com/subject/1467587/,UNIX编程艺术
9.1,作者:[法国]马塞尔·普鲁斯特,https://book.douban.com/subject/1092168/,追忆似水年华（上下册）
9.1,作者:[法]列维-斯特劳斯,https://book.douban.com/subject/1393447/,忧郁的热带
9.0,作者:[美]埃里克·霍弗,https://book.douban.com/subject/3057556/,狂热分子
9.1,作者:钱穆,https://book.douban.com/subject/1003479/,中国历代政治得失
9.0,作者:[美]菲利普·科特勒/[美]凯文·莱恩·凯勒,https://book.douban.com/subject/1894695/,营销管理
9.1,作者:谢尔・希尔弗斯坦,https://book.douban.com/subject/1059503/,爱心树
9.1,作者:余华,https://book.douban.com/subject/1061118/,活着
9.0,作者:尹建莉,https://book.douban.com/subject/3465080/,好妈妈胜过好老师
9.2,作者:[伊朗]玛赞·莎塔碧,https://book.douban.com/subject/1769769/,我在伊朗长大3
9.1,作者:[德]埃·奥·卜劳恩绘,https://book.douban.com/subject/1002898/,父与子全集
9.0,作者:慕容引刀,https://book.douban.com/subject/2251434/,被爱路过
9.1,作者:[日]莫莉蓟野,https://book.douban.com/subject/3774884/,子猫絮语
9.2,作者:[英]乔治·奥威尔,https://book.douban.com/subject/2035179/,动物农场
9.1,作者:王小波,https://book.douban.com/subject/1054685/,沉默的大多数
9.0,作者:hans,https://book.douban.com/subject/3554154/,阿狸·梦之城堡
9.1,作者:余华,https://book.douban.com/subject/1082154/,活着
9.0,作者:[法]圣埃克苏佩里,https://book.douban.com/subject/1084336/,小王子
9.1,作者:[日]东野圭吾,https://book.douban.com/subject/3259440/,白夜行
9.0,作者:[英]阿加莎·克里斯蒂,https://book.douban.com/subject/1827374/,东方快车谋杀案
9.0,作者:[英]奥斯丁,https://book.douban.com/subject/1401841/,傲慢与偏见
9.2,作者:（丹麦）安徒生,https://book.douban.com/subject/1046209/,安徒生童话故事集
9.2,作者:路遥,https://book.douban.com/subject/3523041/,平凡的世界（全三册）
9.2,作者:三毛,https://book.douban.com/subject/1060068/,撒哈拉的故事
9.3,作者:[美国]玛格丽特·米切尔,https://book.douban.com/subject/1068920/,飘
9.2,作者:[明]罗贯中,https://book.douban.com/subject/1019568/,三国演义（全二册）
9.1,作者:[英]王尔德,https://book.douban.com/subject/1119839/,王尔德童话
9.1,作者:卡里·纪伯伦,https://book.douban.com/subject/2212371/,先知
9.1,作者:[法]阿尔贝·加缪,https://book.douban.com/subject/1034066/,加缪文集
9.1,作者:[英]瑞·蒙克,https://book.douban.com/subject/6152040/,维特根斯坦传
9.2,作者:中国社会科学院语言研究所编,https://book.douban.com/subject/1001896/,新华字典（1998年修订本）
9.2,作者:兰晓龙,https://book.douban.com/subject/3297466/,我的团长我的团（上部）
9.1,作者:ElliotAronson,https://book.douban.com/subject/2328458/,社会性动物
9.1,作者:[美]迈克尔·桑德尔,https://book.douban.com/subject/5408882/,公正
9.1,作者:[美]ErichGamma/RichardHelm/RalphJohnson/JohnVlissides,https://book.douban.com/subject/1052241/,设计模式
9.2,作者:（德）叔本华,https://book.douban.com/subject/1292409/,人生的智慧
9.1,作者:[美]R·柯朗H·罗宾著/I·斯图尔特修订,https://book.douban.com/subject/1320282/,什么是数学
9.3,作者:[晋]陈寿撰/[宋]裴松之注,https://book.douban.com/subject/1014763/,三国志（全五册）
9.2,作者:杨显惠,https://book.douban.com/subject/3239549/,夹边沟记事
9.1,作者:当年明月,https://book.douban.com/subject/3674537/,明朝那些事儿（1-9）
9.2,作者:[奥］斯蒂芬・茨威格,https://book.douban.com/subject/1062343/,昨日的世界
9.2,作者:萧涤非/等,https://book.douban.com/subject/1021990/,唐诗鉴赏辞典
9.0,作者:幾米,https://book.douban.com/subject/3665874/,星空
9.2,作者:[阿根廷]博尔赫斯,https://book.douban.com/subject/1440972/,博尔赫斯小说集
9.0,作者:[美]彼得·海斯勒,https://book.douban.com/subject/7060185/,江城
9.1,作者:安徒生,https://book.douban.com/subject/1765512/,海的女儿
9.1,作者:王小波,https://book.douban.com/subject/1014578/,我的精神家园
9.0,作者:林达,https://book.douban.com/subject/1027191/,历史深处的忧虑
9.1,作者:[美]曼昆,https://book.douban.com/subject/1028842/,经济学原理（上下）
9.1,出版社:少年儿童出版社,https://book.douban.com/subject/2160556/,十万个为什么
9.0,作者:[奥]斯台芬·茨威格,https://book.douban.com/subject/2158684/,象棋的故事
9.0,作者:王小波,https://book.douban.com/subject/1776683/,沉默的大多数
9.0,作者:（日）东野圭吾,https://book.douban.com/subject/4117922/,嫌疑人X的献身
9.1,作者:[清]蒲松龄著/朱其铠等校注,https://book.douban.com/subject/1036397/,全本新注聊斋志异（全三册）
9.1,作者:屈原,https://book.douban.com/subject/1393724/,楚辞
9.0,作者:[英]阿瑟·克拉克,https://book.douban.com/subject/2340609/,2001太空漫游
9.0,作者:[美]特德·蒋,https://book.douban.com/subject/1187842/,你一生的故事
9.1,作者:宫西达也,https://book.douban.com/subject/1026035/,你看起来好像很好吃
9.1,作者:张乐平,https://book.douban.com/subject/1009273/,三毛流浪记（全集）
9.0,作者:张乐平,https://book.douban.com/subject/2129427/,三毛从军记全集
9.0,作者:[日]伊坂幸太郎,https://book.douban.com/subject/5038409/,金色梦乡
9.0,作者:[美]彼得·海斯勒,https://book.douban.com/subject/5414391/,寻路中国
9.1,作者:[法]米歇尔·福柯,https://book.douban.com/subject/1012307/,规训与惩罚
9.0,作者:[英]毛姆,https://book.douban.com/subject/2035162/,刀锋
8.9,作者:章东磐,https://book.douban.com/subject/3824491/,父亲的战场
9.0,作者:[美]丹·西蒙斯,https://book.douban.com/subject/2052049/,海伯利安
9.0,作者:[俄]布尔加科夫,https://book.douban.com/subject/1077492/,大师和玛格丽特
9.0,作者:林达,https://book.douban.com/subject/1014825/,我也有一个梦想
9.0,作者:王国维,https://book.douban.com/subject/1203426/,人间词话
9.0,出版社:中国基督教协会,https://book.douban.com/subject/1803022/,圣经
9.0,作者:费孝通,https://book.douban.com/subject/2274697/,江村经济
9.4,作者:桔子樹,https://book.douban.com/subject/6531656/,麒麟之与子同袍
9.1,作者:(英)王尔德,https://book.douban.com/subject/4736014/,快乐王子
9.1,作者:李娟,https://book.douban.com/subject/11602263/,羊道·深山夏牧场
9.2,作者:[俄]列夫·托尔斯泰,https://book.douban.com/subject/2253380/,安娜·卡列尼娜
9.1,作者:李娟,https://book.douban.com/subject/11602265/,羊道·前山夏牧场
9.5,作者:旋元佑,https://book.douban.com/subject/1014914/,英语魔法师之语法俱乐部
9.3,作者:CharlesPetzold,https://book.douban.com/subject/1024570/,编码的奥秘
9.0,作者:(日)三岛由纪夫,https://book.douban.com/subject/5395162/,天人五衰
9.2,作者:李碧华,https://book.douban.com/subject/2137767/,霸王别姬
9.1,作者:[奥]莱内·马利亚·里尔克,https://book.douban.com/subject/5908654/,给青年诗人的信
9.1,作者:DouglasCrockford,https://book.douban.com/subject/3590768/,JavaScript语言精粹
9.3,作者:[日]芥川龙之介,https://book.douban.com/subject/1457542/,芥川龙之介全集
9.0,作者:TOBYSEGARAN,https://book.douban.com/subject/3288908/,集体智慧编程
9.1,作者:阿城,https://book.douban.com/subject/3013624/,棋王.樹王.孩子王
9.0,作者:（法）安德烈·巴赞,https://book.douban.com/subject/3266617/,电影是什么？
9.2,作者:老舍,https://book.douban.com/subject/2032964/,正红旗下
9.1,作者:(法)克利斯提昂.约里波瓦/文/(法)克利斯提昂.艾利施/图,https://book.douban.com/subject/1899006/,我想去看海
9.0,作者:藤萍,https://book.douban.com/subject/1312997/,香初上舞·终上
9.0,作者:藤萍,https://book.douban.com/subject/1276930/,香初上舞·再上
9.6,作者:赖世雄,https://book.douban.com/subject/4201317/,美语音标
9.0,作者:[英]毛姆,https://book.douban.com/subject/6313524/,人生的枷锁
9.6,作者:金庸,https://book.douban.com/subject/3532347/,金庸全集
9.2,作者:毛泽东,https://book.douban.com/subject/1139360/,毛泽东选集第一卷
9.3,作者:陈鼓应注译,https://book.douban.com/subject/1051919/,庄子今注今译（全三册）
9.1,作者:秦晖,https://book.douban.com/subject/1076378/,传统十论
9.3,作者:汪曾祺,https://book.douban.com/subject/10794792/,受戒
8.9,作者:[英]肯·福莱特,https://book.douban.com/subject/26698660/,巨人的陨落
9.6,作者:[英]贡布里希(SirE.H.Gombrich),https://book.douban.com/subject/3162991/,艺术的故事
9.0,作者:[澳]格里高利·大卫·罗伯兹,https://book.douban.com/subject/3673771/,项塔兰
9.1,作者:李光耀,https://book.douban.com/subject/26413154/,李光耀观天下
9.1,作者:白先勇,https://book.douban.com/subject/26253699/,台北人
9.1,作者:南怀瑾,https://book.douban.com/subject/2221115/,庄子諵譁（下）
9.2,作者:鲁迅,https://book.douban.com/subject/2046909/,故事新编
9.3,作者:汪曾祺,https://book.douban.com/subject/1444077/,汪曾祺小说经典
9.1,作者:鸟哥,https://book.douban.com/subject/4889838/,鸟哥的Linux私房菜
9.3,作者:錢穆,https://book.douban.com/subject/1046492/,國史大綱（上下）
9.3,作者:费孝通,https://book.douban.com/subject/1310228/,乡土中国生育制度
9.3,作者:鲁兵主编/朱延龄插图,https://book.douban.com/subject/1941301/,365夜故事（上下）
9.2,作者:[美]艾萨克·阿西莫夫,https://book.douban.com/subject/1258491/,基地与帝国
9.1,作者:顾准,https://book.douban.com/subject/2025235/,顾准文集
9.2,作者:[美]米切尔,https://book.douban.com/subject/1083474/,飘（全二册）
9.1,作者:[荷]文森特·凡高,https://book.douban.com/subject/4903265/,亲爱的提奥
9.1,作者:夏宇,https://book.douban.com/subject/1351677/,夏宇詩集／腹語術
9.2,作者:海子著/西川编,https://book.douban.com/subject/3610681/,海子诗全集
9.1,作者:罗曼·罗兰,https://book.douban.com/subject/1851058/,约翰·克利斯朵夫（共四册）
9.1,作者:（明）汤显祖著；徐朔方，杨笑杨校注,https://book.douban.com/subject/1317857/,牡丹亭
9.1,作者:（英）阿诺德・汤因比,https://book.douban.com/subject/1315199/,历史研究
9.0,作者:[德]赫尔曼·黑塞,https://book.douban.com/subject/3578470/,德米安
9.0,作者:[苏]安德烈·塔可夫斯基,https://book.douban.com/subject/1005660/,雕刻时光
9.3,作者:罗杰•霍克(RogerR.Hock),https://book.douban.com/subject/5248516/,改变心理学的40项研究
9.1,作者:[俄]陀思妥耶夫斯基,https://book.douban.com/subject/1088418/,死屋手记
9.1,"作者:（黎巴嫩）纪·哈·纪伯伦（Gibran,K.）",https://book.douban.com/subject/1451270/,纪伯伦诗集
9.1,作者:卡里・纪伯伦/廖欣,https://book.douban.com/subject/1219090/,沙与沫
9.2,作者:[意]普里莫·莱维,https://book.douban.com/subject/20441569/,被淹没和被拯救的
9.1,作者:[加拿大]阿利斯泰尔·麦克劳德,https://book.douban.com/subject/26357614/,海风中失落的血色馈赠
9.1,作者:S.A.阿列克谢耶维奇,https://book.douban.com/subject/26641665/,切尔诺贝利的悲鸣
9.1,作者:[法]克里斯托弗·加尔法德,https://book.douban.com/subject/26697350/,极简宇宙史
9.1,作者:[法]马塞尔·普鲁斯特,https://book.douban.com/subject/10779650/,追忆似水年华
9.0,作者:卡伦·霍尼,https://book.douban.com/subject/6511362/,我们时代的神经症人格
9.0,作者:[哥伦比亚]加西亚·马尔克斯,https://book.douban.com/subject/26657570/,活着为了讲述
8.8,作者:[白俄]S.A.阿列克谢耶维奇,https://book.douban.com/subject/26704403/,二手时间
9.6,作者:本书编委会,https://book.douban.com/subject/1840859/,心经
9.3,作者:[英]乔治·奥威尔,https://book.douban.com/subject/1082387/,一九八四·动物农场
9.2,作者:（清）纳兰性德/赵秀亭（笺校）/冯统一（笺校）,https://book.douban.com/subject/1420734/,飲水詞箋校
9.2,作者:[美]欧文·斯通,https://book.douban.com/subject/3054821/,渴望生活
9.3,作者:（英）帕·林·特拉芙斯,https://book.douban.com/subject/1433572/,随风而来的玛丽阿姨
9.0,作者:[哥伦比亚]加西亚·马尔克斯,https://book.douban.com/subject/10594787/,霍乱时期的爱情
9.2,作者:[英]毛姆,https://book.douban.com/subject/4123116/,月亮和六便士
9.1,作者:[美]G.伽莫夫,https://book.douban.com/subject/1102715/,从一到无穷大
9.2,作者:(法)托克维尔,https://book.douban.com/subject/1041385/,论美国的民主
8.9,作者:[法]托克维尔,https://book.douban.com/subject/1032063/,旧制度与大革命
9.2,作者:LeftenStavrosStavrianos,https://book.douban.com/subject/1922216/,全球通史(上)
9.2,"作者:（美）斯塔夫里阿诺斯（Stavrianos,L.S.）",https://book.douban.com/subject/1922246/,全球通史(下)
9.2,作者:曹天元,https://book.douban.com/subject/1467022/,上帝掷骰子吗
9.1,作者:[奥]莱内·马利亚·里尔克,https://book.douban.com/subject/1438816/,给青年诗人的信
9.2,作者:[英]王尔德,https://book.douban.com/subject/2160226/,快乐王子
9.3,作者:[美]史蒂夫·迈克康奈尔,https://book.douban.com/subject/1477390/,代码大全（第2版）
9.2,作者:StanleyB.Lippman/JoséeLaJoie/BarbaraE.Moo,https://book.douban.com/subject/1767741/,C++Primer中文版（第4版）
9.3,作者:刘慈欣,https://book.douban.com/subject/3066477/,三体Ⅱ
9.3,作者:[丹麦]金·弗珀兹·艾克松/文/[瑞典]爱娃·艾瑞克松/图,https://book.douban.com/subject/2361768/,爷爷变成了幽灵
9.1,作者:[美]斯蒂芬·金,https://book.douban.com/subject/1829226/,肖申克的救赎
9.1,作者:米切尔·恩德,https://book.douban.com/subject/1965464/,毛毛
9.4,作者:田中芳树,https://book.douban.com/subject/2043828/,银河英雄传说
9.1,作者:汪曾祺,https://book.douban.com/subject/4127574/,受戒
9.0,作者:(法)阿尔贝·加缪,https://book.douban.com/subject/24257486/,局外人
9.1,作者:李碧华,https://book.douban.com/subject/25737043/,霸王别姬
9.1,作者:[瑞典]弗雷德里克·巴克曼,https://book.douban.com/subject/26672693/,一个叫欧维的男人决定去死
9.1,作者:史铁生,https://book.douban.com/subject/1029370/,记忆与印象
9.1,作者:(印度)泰戈尔,https://book.douban.com/subject/3812771/,新月集·飞鸟集
9.4,作者:（美）玛格丽特・米切尔,https://book.douban.com/subject/1017749/,乱世佳人(上、下)
9.1,作者:三毛,https://book.douban.com/subject/3673672/,温柔的夜
9.1,作者:[美]ScottMeyers,https://book.douban.com/subject/1231590/,EffectiveC++中文版
9.2,作者:[美]斯科特·安德森,https://book.douban.com/subject/25883305/,阿拉伯的劳伦斯
9.1,作者:MartinFowler,https://book.douban.com/subject/4262627/,重构
9.0,作者:冯友兰,https://book.douban.com/subject/1443887/,中国哲学简史
9.0,作者:白谦慎,https://book.douban.com/subject/1784790/,傅山的世界
9.0,作者:KennethA.Reek,https://book.douban.com/subject/3012360/,C和指针
9.1,作者:夏宇,https://book.douban.com/subject/1985973/,備忘錄
9.4,作者:[英]约翰·穆勒,https://book.douban.com/subject/6397522/,论自由
9.0,作者:威廉·萨默赛特·毛姆/(W.S.Maugham),https://book.douban.com/subject/1457778/,人性的枷锁
9.0,作者:priest,https://book.douban.com/subject/26886310/,有匪1
9.1,作者:刘和平,https://book.douban.com/subject/1982427/,大明王朝1566
9.0,作者:王小波,https://book.douban.com/subject/3016270/,黄金时代
9.0,作者:[美]雅罗姆（IrvinD.Yalom）,https://book.douban.com/subject/1178089/,给心理治疗师的礼物
9.3,作者:[德]叔本华,https://book.douban.com/subject/3261600/,人生的智慧
9.0,作者:[俄]康·帕乌斯托夫斯基,https://book.douban.com/subject/2042633/,金蔷薇
9.0,作者:志摩千岁,https://book.douban.com/subject/2045811/,张国荣的时光
9.2,作者:汪曾祺,https://book.douban.com/subject/4238144/,岁朝清供
9.2,作者:李允鉌,https://book.douban.com/subject/1319910/,华夏意匠
9.1,作者:[英]吉米·哈利,https://book.douban.com/subject/5410174/,万物刹那又永恒
9.0,作者:托尼•赖斯,https://book.douban.com/subject/10439064/,发现之旅
9.0,出版社:中华书局,https://book.douban.com/subject/1000888/,論語譯註
9.0,作者:梁漱溟,https://book.douban.com/subject/1315213/,中国文化要义
9.3,作者:鲁迅,https://book.douban.com/subject/1915958/,野草
9.3,作者:瞿同祖,https://book.douban.com/subject/1224279/,中国法律与中国社会
8.9,作者:南怀瑾,https://book.douban.com/subject/2149717/,庄子諵譁（上）
9.2,作者:王力主编,https://book.douban.com/subject/1072316/,古代汉语（第一册）
9.2,作者:C.S.路易斯,https://book.douban.com/subject/2066374/,返璞归真
9.0,作者:（英）西蒙・辛格,https://book.douban.com/subject/1322358/,费马大定理
9.0,"作者:[美]加来道雄（Kaku,M）",https://book.douban.com/subject/3930318/,超越时空
9.3,作者:[清]沈德潛,https://book.douban.com/subject/1081144/,古詩源
8.9,作者:于娟,https://book.douban.com/subject/6397275/,此生未完成
9.0,作者:[葡萄牙]费尔南多·佩索阿,https://book.douban.com/subject/1015864/,惶然录
9.0,作者:蒋勋,https://book.douban.com/subject/5040220/,蒋勋说红楼梦（第一辑）
9.0,作者:[美]罗伯特·所罗门,https://book.douban.com/subject/1071227/,大问题
9.2,作者:[阿根廷]豪·路·博尔赫斯,https://book.douban.com/subject/3003258/,阿莱夫
9.1,作者:[美]哈珀·李,https://book.douban.com/subject/3597031/,杀死一只反舌鸟
9.3,作者:[美]罗伯特·麦基,https://book.douban.com/subject/1115748/,故事
9.1,作者:[奥]维特根斯坦,https://book.douban.com/subject/1005354/,逻辑哲学论
9.5,作者:桔子樹,https://book.douban.com/subject/6730371/,麒麟之生死與共
9.0,作者:张新颖,https://book.douban.com/subject/25897707/,沈从文的后半生
8.8,作者:斯蒂芬A.罗斯,https://book.douban.com/subject/1082512/,公司理财
9.0,作者:[英]肯·福莱特,https://book.douban.com/subject/26957760/,世界的凛冬
9.1,作者:[美]约翰·斯坦贝克（JohnSteinbeck）,https://book.douban.com/subject/26598807/,人鼠之间
9.0,作者:[英]毛姆,https://book.douban.com/subject/26757680/,面纱
9.0,作者:[美]田纳西·威廉斯,https://book.douban.com/subject/4247000/,欲望号街车
9.2,作者:南怀瑾述,https://book.douban.com/subject/1082446/,南怀瑾选集（第一卷）
9.0,作者:[英]路德维希·维特根斯坦,https://book.douban.com/subject/1315184/,哲学研究
9.0,作者:(美)丹·西蒙斯,https://book.douban.com/subject/25941905/,海伯利安的陨落
9.2,作者:(美)丹·西蒙斯,https://book.douban.com/subject/25941890/,海伯利安
9.1,作者:叶嘉莹,https://book.douban.com/subject/2005705/,唐宋词十七讲
9.0,作者:张五常,https://book.douban.com/subject/4860448/,经济解释卷一：科学说需求（神州增订版）
9.3,作者:钱钟书,https://book.douban.com/subject/1041366/,管锥编（全五册）
9.1,作者:芥川龙之介,https://book.douban.com/subject/26627837/,罗生门
9.0,作者:史铁生,https://book.douban.com/subject/1209899/,我与地坛
9.0,作者:吳念真,https://book.douban.com/subject/5332948/,這些人，那些事
9.1,作者:(德)阿・叔本华,https://book.douban.com/subject/1292412/,叔本华思想随笔
9.1,作者:斯·茨威格,https://book.douban.com/subject/1818583/,斯·茨威格中短篇小说选
9.1,作者:(英)威廉·萨默塞特·毛姆,https://book.douban.com/subject/10774752/,毛姆短篇小说精选集
9.1,作者:李娟,https://book.douban.com/subject/4881850/,阿勒泰的角落
9.3,作者:老舍,https://book.douban.com/subject/3183775/,四世同堂
9.2,作者:大仲马,https://book.douban.com/subject/1880831/,基督山伯爵（上下册）
9.0,作者:[意大利]卡尔维诺,https://book.douban.com/subject/1032431/,卡尔维诺文集（第五卷）
9.1,作者:王小波,https://book.douban.com/subject/1436716/,黄金时代白银时代
